{"cameraMode":{"drawMode":0,"name":"Shaded","section":"Shading Mode"},"sceneLighting":false,"audioPlay":false,"sceneViewState":{"showFog":true,"showMaterialUpdate":false,"showSkybox":true,"showFlares":true,"showImageEffects":true,"showParticleSystems":true},"in2DMode":false,"pivot":{"x":0.0005664825439453125,"y":0.8154119849205017,"z":-0.11108477413654328},"rotation":{"x":0.03589027747511864,"y":-0.958023726940155,"z":0.24851851165294648,"w":0.1383514702320099},"size":3.625675678253174,"orthographic":false}