{"cameraMode":{"drawMode":0,"name":"Shaded","section":"Shading Mode"},"sceneLighting":true,"audioPlay":false,"sceneViewState":{"showFog":true,"showMaterialUpdate":false,"showSkybox":true,"showFlares":true,"showImageEffects":true,"showParticleSystems":true},"in2DMode":false,"pivot":{"x":3.569999933242798,"y":-4.550000190734863,"z":3.569999933242798},"rotation":{"x":-0.02538950927555561,"y":0.8677521347999573,"z":-0.0445658378303051,"w":-0.494343638420105},"size":4.408884048461914,"orthographic":false}