{"cameraMode":{"drawMode":0,"name":"Shaded","section":"Shading Mode"},"sceneLighting":false,"audioPlay":false,"sceneViewState":{"showFog":true,"showMaterialUpdate":false,"showSkybox":true,"showFlares":true,"showImageEffects":true,"showParticleSystems":true},"in2DMode":false,"pivot":{"x":0.7340178489685059,"y":0.7626011371612549,"z":1.7670443058013917},"rotation":{"x":-0.14328095316886903,"y":0.8021670579910278,"z":-0.21323272585868836,"w":-0.5390087962150574},"size":1.344663381576538,"orthographic":false}