{"cameraMode":{"drawMode":0,"name":"Shaded","section":"Shading Mode"},"sceneLighting":false,"audioPlay":false,"sceneViewState":{"showFog":true,"showMaterialUpdate":false,"showSkybox":true,"showFlares":true,"showImageEffects":true,"showParticleSystems":true},"in2DMode":false,"pivot":{"x":0.0,"y":0.006686716340482235,"z":0.0009905858896672726},"rotation":{"x":-0.09899042546749115,"y":0.334591805934906,"z":-0.035367026925086978,"w":-0.9364818930625916},"size":5.849098205566406,"orthographic":false}