{"cameraMode":{"drawMode":0,"name":"Shaded","section":"Shading Mode"},"sceneLighting":true,"audioPlay":false,"sceneViewState":{"showFog":true,"showMaterialUpdate":false,"showSkybox":true,"showFlares":true,"showImageEffects":true,"showParticleSystems":true},"in2DMode":false,"pivot":{"x":50.01396179199219,"y":199.91981506347657,"z":-164.60696411132813},"rotation":{"x":0.1605890840291977,"y":-0.5322983264923096,"z":0.10365159809589386,"w":0.8246975541114807},"size":295.9715270996094,"orthographic":false}