{"cameraMode":{"drawMode":0,"name":"Shaded","section":"Shading Mode"},"sceneLighting":false,"audioPlay":false,"sceneViewState":{"showFog":true,"showMaterialUpdate":false,"showSkybox":true,"showFlares":true,"showImageEffects":true,"showParticleSystems":true},"in2DMode":false,"pivot":{"x":0.0,"y":0.006686716340482235,"z":0.0009905858896672726},"rotation":{"x":-0.10203313827514649,"y":0.666128396987915,"z":-0.09272576123476029,"w":-0.7329831123352051},"size":0.08194245398044586,"orthographic":false}